id,first_name,last_name,email,country
a1cbd5bf-f923-4154-9b08-0667f8f99331,Christine,Ferguson,christine.ferguson.c7fb0c@example.com,Haiti
0e9efab0-c0ce-4ad2-ae66-f09a90cfc158,Ashley,Dennis,ashley.dennis.2baeb3@example.com,Singapore
0aa5bc2d-2f7b-4175-b5a0-f3e8833fbdb4,Madison,Reyes,madison.reyes.1569ef@example.com,Somalia
a5b407e6-0bb8-4a3f-8e20-13236c460570,Michael,Forbes,michael.forbes.715831@example.com,India
3418e873-0858-4454-9e7d-8eacabbe9cf7,Victoria,Harris,victoria.harris.e0b9a9@example.com,Palestinian Territory
512058e1-864e-48c9-ad5b-ac3ab685caec,Michelle,Diaz,michelle.diaz.fa9fd0@example.com,Jamaica
986376aa-e68c-46d3-928f-938c692906d4,Lori,Ross,lori.ross.2634d5@example.com,Bahrain
34a7ff94-6d70-4099-91f0-fe75761f22fa,William,Barnett,william.barnett.ba5521@example.com,Tuvalu
4b1527fc-8c3c-4313-9000-583a64f518f2,Richard,Solis,richard.solis.c00b57@example.com,South Georgia and the South Sandwich Islands
3732f26d-69c7-414b-93c3-70809ced0c78,Lance,Smith,lance.smith.d87c96@example.com,Guinea
db9ff0ce-b7c2-46b0-b4e0-d574aa3e9ef7,Brooke,Murray,brooke.murray.c5fbef@example.com,Chile
e0f8a1c8-2485-4eb6-b5e9-5449b07e9202,Laura,Edwards,laura.edwards.996fbc@example.com,Portugal
5f4d21dc-7e10-4c17-aaa2-c8e0026e5782,Sandra,Jacobs,sandra.jacobs.16dab5@example.com,Netherlands
aa328ce7-6fa9-4429-af95-5fd63f639947,Joseph,Harris,joseph.harris.01ab6e@example.com,Bangladesh
5d66d0fd-a5b5-4c2f-899b-3abda43f9612,Danielle,Montes,danielle.montes.30464b@example.com,Morocco
56c520a9-f977-464d-a94c-9455806ee272,Kiara,Jones,kiara.jones.6ec4b5@example.com,Palau
4420f7ac-f803-43cc-9392-5e2578914c59,Rachel,Brown,rachel.brown.c334de@example.com,Andorra
026b433e-6822-416f-8797-c87c814a7450,Cynthia,Gonzalez,cynthia.gonzalez.90ae0a@example.com,Finland
02302948-d9e3-406c-b36d-d6f668c98240,James,Curry,james.curry.09ea26@example.com,South Georgia and the South Sandwich Islands
7a362ef8-a35a-4cde-b066-a6d67a297f8d,Ashley,Smith,ashley.smith.9581a7@example.com,Vietnam
423e6056-2eae-4784-b4dd-3018fd9768e5,Cheryl,Reynolds,cheryl.reynolds.45a395@example.com,Somalia
b5f9e7b9-4631-4dce-8e48-5d0633e5ae1b,Jeremy,Williams,jeremy.williams.307ebf@example.com,Moldova
10eebd24-50cc-44bb-90c3-48285eaa55a2,Jessica,Parker,jessica.parker.69cf81@example.com,Uganda
5d2432bc-c98d-4e02-bf1b-faf89e6be558,Jason,Villegas,jason.villegas.306c35@example.com,Marshall Islands
c038774b-5c9b-47c9-97b3-17b32434dfb3,Alison,Lopez,alison.lopez.6c4578@example.com,Panama
b7435dc9-87c4-47f9-85d8-1b7a7a8953ca,Brent,Simpson,brent.simpson.453ac9@example.com,Saint Pierre and Miquelon
0190b975-5e81-4e30-abc5-f917eb042de7,Brandy,Mcpherson,brandy.mcpherson.fd18d6@example.com,Anguilla
7c6635b6-4bf0-4d86-9906-866fed23e627,Linda,Freeman,linda.freeman.ee5cae@example.com,Sao Tome and Principe
2a63f9b5-7205-4407-9e18-9917c9f6c1a4,Destiny,Fitzpatrick,destiny.fitzpatrick.1b61ee@example.com,Saint Pierre and Miquelon
2af40778-7261-49b0-9212-4f442478f608,Angela,Carroll,angela.carroll.1f5948@example.com,Equatorial Guinea
27ab5e99-4b6e-481e-a1ca-794b5e988ee4,Jose,Fletcher,jose.fletcher.b157c2@example.com,Yemen
db0fe06d-232e-4263-bea4-e4a1610c3c66,Brian,Jackson,brian.jackson.5864ae@example.com,Svalbard & Jan Mayen Islands
871c90c0-2a34-423d-aa95-32060b6db5b6,Christian,Gonzales,christian.gonzales.c3955f@example.com,Mauritius
dd2267db-2381-4d5f-975a-41dfc4059b4e,Martha,Rich,martha.rich.3efa20@example.com,Micronesia
1a344603-80fd-4073-826c-c3b2f175f089,Edward,Bailey,edward.bailey.44439f@example.com,Saint Barthelemy
611d6505-6ef4-4361-aca4-8f531cdfa04a,Nicole,Galvan,nicole.galvan.716c67@example.com,Jersey
6184e5e3-fae7-4b7a-b501-876b851384ac,Karl,Mata,karl.mata.563a84@example.com,Azerbaijan
dd4de91c-d4a8-4932-8445-350f2469ae3d,Cynthia,Reed,cynthia.reed.75a6f0@example.com,Bangladesh
e056f8ca-6d76-44ff-be1d-614499312fa9,Jared,Sandoval,jared.sandoval.48e56d@example.com,Norway
f01519c4-4651-4b76-8dc0-647308a1274d,Carolyn,Love,carolyn.love.c76d14@example.com,Congo
80b9fca3-3dba-4676-bbdd-70d2d69728f5,Derek,Myers,derek.myers.06e6c9@example.com,Japan
3c105de3-009e-42cc-a945-f479b1663a9f,Angela,Moore,angela.moore.53bf5c@example.com,Rwanda
eafaa45f-b99d-4187-8d73-5dc061518b2c,Victoria,Cook,victoria.cook.3e3f24@example.com,Nigeria
6dd8821c-81ec-4e2d-bd15-2c8dcb939aea,James,Farmer,james.farmer.87dadb@example.com,Nigeria
c31ec7bd-1848-4f5c-a983-936a3e319f91,Sarah,Michael,sarah.michael.9018e0@example.com,Saint Barthelemy
da1e241e-7db1-4316-80a9-414e66f9831e,Taylor,Wolfe,taylor.wolfe.f01144@example.com,Gibraltar
8c4855e6-fb9a-4424-b5be-1ee5911bcef8,Benjamin,Fernandez,benjamin.fernandez.f7e1f4@example.com,Congo
2466e5a0-c136-4a3a-a4cf-82b052259a72,Danielle,Parker,danielle.parker.b06740@example.com,Western Sahara
2e90a3b8-c1c4-4ef0-a34c-912cbea9d00a,Susan,Edwards,susan.edwards.35d8c5@example.com,Iraq
86d8463d-c2a2-4559-aeef-077d00b31d4c,Morgan,Perez,morgan.perez.f02570@example.com,Gambia
d21f1674-02e2-40f9-814d-2ae55fd16bfe,Patricia,Carpenter,patricia.carpenter.91f3e6@example.com,North Macedonia
a3dd6f4a-7e7a-4fe7-b268-8c0b599c22bf,Omar,Hanson,omar.hanson.9a66ee@example.com,Falkland Islands (Malvinas)
829d924c-2881-45df-9dd3-89a97d3e6bbe,Kathryn,Young,kathryn.young.b90238@example.com,Suriname
741a6798-b831-41b7-82ff-29eb6526ffa5,Jeanette,Murray,jeanette.murray.18c5eb@example.com,Afghanistan
042b1348-2e57-451f-8191-74b81bbc8598,Matthew,Skinner,matthew.skinner.290838@example.com,Falkland Islands (Malvinas)
9ea88a5f-24d1-47a0-a9f7-dc002938e915,Travis,Weiss,travis.weiss.9c8ff1@example.com,United States of America
3944659d-e361-428c-8e24-5246a72d1636,Paul,Taylor,paul.taylor.d647dd@example.com,Togo
45f0b070-b7e1-4508-851d-c64dce0a24ea,Sherry,Perkins,sherry.perkins.2fd923@example.com,Congo
d911b288-9646-479e-8cdd-39fbf72890b9,Danielle,Wilson,danielle.wilson.f173bc@example.com,Ecuador
bad0e0a0-cefc-4904-9f74-b92044835b05,Kevin,Vasquez,kevin.vasquez.dadbbe@example.com,Saint Barthelemy
d74565e3-aa65-4541-a5eb-5f65f147ddb1,Jason,Nichols,jason.nichols.016862@example.com,Vanuatu
29732d26-e781-4fd0-8529-b60ff1c761ee,Joshua,Costa,joshua.costa.257c77@example.com,Pitcairn Islands
ff7befd1-a83d-42c8-961d-e437700c8d0d,Melissa,Clements,melissa.clements.abde6b@example.com,Madagascar
a9cc7240-5a98-49d7-8092-3daa7f40712b,Kaylee,Powers,kaylee.powers.36ac4a@example.com,Aruba
4355391f-8900-455b-9a04-450e1d26b90c,Danielle,Crawford,danielle.crawford.3a458a@example.com,Andorra
8054f2b3-191d-4cb9-9f00-eb420b82acce,Edgar,Owens,edgar.owens.23a94b@example.com,Belgium
7d2851b5-06de-47f8-a1ee-1eb9c0b2cbc5,Rose,Banks,rose.banks.5324c1@example.com,Nicaragua
d1ecd3db-4065-482b-a856-42e84b3a5f2f,Tracy,Ellis,tracy.ellis.6f7d6b@example.com,Saint Helena
6d81963f-92d3-4760-9c32-b7ad0876f636,Andrew,Gibbs,andrew.gibbs.0700d7@example.com,Central African Republic
d1b8f2b0-879f-4149-af3c-f6e47fe4d2f4,Joel,Walker,joel.walker.bcaf51@example.com,Armenia
29c0f4b4-93c4-4659-acbb-8055c02077b8,Jennifer,Lloyd,jennifer.lloyd.b5fa02@example.com,Kyrgyz Republic
d5a56fb9-17fc-49b8-9041-05827c52404f,Jennifer,Sullivan,jennifer.sullivan.d6698f@example.com,Gambia
c93064db-7e06-4df9-8aa1-6c0527039785,Karen,Johnson,karen.johnson.961d23@example.com,Japan
df4b4907-9fcd-4107-9e32-99e3e2536f90,Michael,Mccoy,michael.mccoy.8acc79@example.com,Slovenia
5c29bcab-6223-4f0b-b967-412b5655b0a7,Geoffrey,Robbins,geoffrey.robbins.fabfa4@example.com,United States of America
addf5436-6f3a-42bb-a42a-793c10bc50e9,Kevin,Keller,kevin.keller.0fad0f@example.com,Congo
bd5ac058-0efb-44fa-849e-5e554cf16217,Eric,Gonzalez,eric.gonzalez.a15fe1@example.com,Belgium
beb85e34-3af7-40a2-801f-5628466e2562,Erik,Day,erik.day.634ff2@example.com,Iraq
dcf9b9a7-6e00-4b39-910d-27abf42d8cd1,Barbara,Sanchez,barbara.sanchez.55e557@example.com,United States Virgin Islands
e8758340-0c89-4ee3-9850-4b50eb75fd5a,Patricia,Jordan,patricia.jordan.2543c9@example.com,Pitcairn Islands
a04a91a9-d970-4212-8e7e-a5bd9910faab,Kristin,Murphy,kristin.murphy.6b5cb7@example.com,Micronesia
caa8682c-a4c0-4f65-860d-f690c49624e7,Steven,Garner,steven.garner.c3cd73@example.com,Barbados
870b78c8-081c-45ba-8f8d-fea47c98e8c9,Charles,Charles,charles.charles.cce427@example.com,Panama
f6ddd947-7e2b-4a2d-acc4-81208a2a99f7,Derek,Nelson,derek.nelson.d1cebd@example.com,Honduras
f0ced0f4-e9b1-4abe-bc6c-7980a6feef1a,Anthony,Giles,anthony.giles.8764af@example.com,Philippines
6fda549e-6880-4e25-95f9-0f14e2b198fc,Roberta,Sanchez,roberta.sanchez.e896df@example.com,Mauritius
9dd5b8af-8b68-4c24-8bc1-30aa9b8f55ad,Andrea,Wilson,andrea.wilson.a452b6@example.com,Pakistan
63c16cd4-de0c-4470-a5d4-b324753800d6,Teresa,Mullen,teresa.mullen.44324f@example.com,Mali
e5cdf996-05ed-4fab-9b07-676031f37c58,Anna,Mitchell,anna.mitchell.644366@example.com,Portugal
0f833877-9fac-4e71-887b-4d586f54ca60,Samantha,Bruce,samantha.bruce.d50d3d@example.com,Israel
486b9587-00bb-4c33-b483-be7cd8392713,Kevin,Watson,kevin.watson.9b2157@example.com,Seychelles
e108e136-7c9f-4f87-b7d5-0f369385392d,Elizabeth,Smith,elizabeth.smith.e83d8f@example.com,Netherlands
c351181b-2803-4942-a140-3eb0319bee7c,Brian,Malone,brian.malone.2f4091@example.com,Austria
b8b091a6-b3ee-4b8b-a1db-312316ee3ff3,Lori,Brooks,lori.brooks.70834b@example.com,Jordan
559bc212-0789-4285-abee-25aed471ef22,Cindy,Sanders,cindy.sanders.a890d2@example.com,China
54530054-e722-4417-914c-2d5d0a46f5a9,Alexander,Ponce,alexander.ponce.36e32b@example.com,Timor-Leste
e61a2a27-2d96-4ff1-83c9-27087b749116,Isaiah,Jones,isaiah.jones.e674fe@example.com,Comoros
6d109ab3-31b1-4169-9bb6-68f58caeebab,Christopher,Pierce,christopher.pierce.8ac291@example.com,Mali
d54fa5e1-72c2-4186-8cef-ab78a96f32e1,Kristen,Moore,kristen.moore.d34c52@example.com,Cyprus
4ec4f558-3299-4087-bc9f-07c769522ffc,Nicole,Larsen,nicole.larsen.256013@example.com,Zimbabwe
3dd67a79-9678-4389-81e6-69e990f09a4f,Jeffrey,Lopez,jeffrey.lopez.8c1cfb@example.com,Angola
96fe0e1a-a137-480e-b782-f718ebb1604b,Ronald,Clements,ronald.clements.e2c07b@example.com,Mayotte
872e2d6a-7a24-4452-8468-07d551ca351f,Katherine,Garcia,katherine.garcia.d27d5f@example.com,Uzbekistan
b34687ee-b923-4152-a67e-98096e60f3ef,Cynthia,Campbell,cynthia.campbell.b2eaed@example.com,Russian Federation
5a039243-4cf9-4584-8db2-fdf848a7dac1,Natalie,Richardson,natalie.richardson.3b89bb@example.com,Greece
275fdb7c-e0c9-4cda-8f0a-7379e3660d7a,Angel,Ward,angel.ward.3dbf31@example.com,Nauru
fe5da68b-467e-420d-bc3f-a7f98b36d649,Mark,Hale,mark.hale.db557e@example.com,Bosnia and Herzegovina
b95d73e7-e3ba-4c66-a000-0cd999368294,Paula,Johnson,paula.johnson.3ddef8@example.com,Zambia
5e3fd4a1-3477-4ad0-b4e2-bf325ed933e5,Bryan,Norris,bryan.norris.cdb15b@example.com,Indonesia
c782a45f-efc9-4ec9-87bc-081718c37d1a,Tiffany,Owen,tiffany.owen.6f92d9@example.com,Afghanistan
d5ae0352-44bb-404a-9c56-0bd60dcd1e4a,Tina,Williams,tina.williams.0a16d9@example.com,Nicaragua
fd0c2c0f-0c3d-4c12-9c6f-78db36a4b16f,Tara,Le,tara.le.20a390@example.com,Belize
5d3b0a9b-cbd7-40d8-a283-ca9cb8e56f84,Victoria,Harper,victoria.harper.732d92@example.com,Nicaragua
8465aa5c-0070-4109-aeb7-b3e01ef2a778,Shane,Dixon,shane.dixon.000ace@example.com,Croatia
3a60c822-41cf-49ab-9687-8d574492845b,Christopher,Haas,christopher.haas.910d02@example.com,Peru
bb93ce4b-a5b7-4dbf-9938-485e67ed2903,Melody,Cox,melody.cox.31f576@example.com,Holy See (Vatican City State)
e5d007b6-1d83-4c38-94b7-5a893e7004e0,Antonio,Thomas,antonio.thomas.b0d814@example.com,Denmark
7562e3eb-8a43-4dd2-991a-c029855c6de8,Leah,Ortiz,leah.ortiz.8f0036@example.com,Burkina Faso
0ff30967-59c5-40a4-aa59-4cf250d7ce0a,James,Morrow,james.morrow.d2216d@example.com,Hungary
fe5a88aa-904b-4c72-8309-398298bc816c,Todd,Jones,todd.jones.4ae40f@example.com,Niger
b3e89c95-1f15-4761-a4f4-61469ca702f8,Jason,Holloway,jason.holloway.c15905@example.com,Turkey
a85fdada-26ad-419c-9159-9a814f6d09de,Thomas,Brock,thomas.brock.04aa3a@example.com,Spain
2aa4595c-10e9-423e-80ae-77db488408b7,Christopher,Mcfarland,christopher.mcfarland.f4539f@example.com,Liberia
9878425a-0bfb-4a17-b21a-2a9ddf3f5557,Jonathan,Simon,jonathan.simon.c4aa41@example.com,Serbia
363a464a-9a21-435c-ab63-265baa0d02ec,Jamie,Yoder,jamie.yoder.c57668@example.com,Romania
28269380-6a7f-418f-a913-f54d92464dcb,Holly,Hernandez,holly.hernandez.bb81d4@example.com,Panama
7fe3f1f0-9bde-4f1a-9db6-1f7be64a06bc,Aaron,Young,aaron.young.5e8530@example.com,Guinea
e9856c04-711b-4f2a-aa3d-596528a89885,David,Gonzalez,david.gonzalez.947a34@example.com,Bahrain
f1b27cf3-4497-42ce-ade0-741cf803efbf,Jessica,Henderson,jessica.henderson.693951@example.com,Malta
4f3286f5-2d39-440a-870a-571c1c500f17,Ashley,Gray,ashley.gray.a4003c@example.com,Zambia
f9d67a4d-f7c6-4444-87c5-8a3e69069449,Richard,Gonzalez,richard.gonzalez.1f1f1b@example.com,Colombia
62290506-be20-47c2-9ae0-ffd4d0e15eaa,Jennifer,Ward,jennifer.ward.8ef30c@example.com,Cuba
aeca003f-26dd-46fb-be95-3e69695f1b0b,Sherry,Moreno,sherry.moreno.9ac074@example.com,Panama
fca3c71d-3990-4b8f-9788-127bcfa2246e,Renee,Ramsey,renee.ramsey.9ea806@example.com,Ecuador
3a2480f8-f2bb-460d-b03c-ec2b6c2d8b39,Craig,Hawkins,craig.hawkins.49a818@example.com,France
b5842f56-a902-4570-9db9-4ce6ca508b82,Mario,Carter,mario.carter.0274d4@example.com,Aruba
a52f4cc1-6d77-423b-af5c-7fda05f77834,Jonathan,Flores,jonathan.flores.b22f85@example.com,Portugal
dcf992c6-b603-4569-bbd4-c052291df8df,Christopher,Mccullough,christopher.mccullough.cc9a0a@example.com,Senegal
8e1aa7c7-ea93-4340-9377-a70beca5df1c,Brianna,Herrera,brianna.herrera.e52d98@example.com,Antigua and Barbuda
e0133c11-08cb-402d-a139-4758c476b860,Nancy,Blackwell,nancy.blackwell.7dcf6f@example.com,Australia
593f5c4c-9c74-4673-af67-5188c30754c4,Sarah,Patterson,sarah.patterson.f96c89@example.com,Turks and Caicos Islands
fb8c85bc-8e68-4fbc-9872-4dd8f2f53e44,Victor,Bauer,victor.bauer.7a8735@example.com,Guam
76642635-117d-412e-8217-6eb033c6fac4,Gary,Bennett,gary.bennett.9ae8c8@example.com,Maldives
120fd05a-ede8-4524-bc4c-04bf4ae4e701,Donna,Gonzales,donna.gonzales.4e7744@example.com,Myanmar
c10092c0-6f87-4cce-9a9a-34c1d13c50f8,Jake,Neal,jake.neal.1e1725@example.com,Hungary
4bfde344-8b85-45f7-a35f-dec7a1049dc1,Jillian,Clark,jillian.clark.1f6f5e@example.com,Malta
082303c3-22d5-4b40-946e-31dc91c23790,Tracy,Austin,tracy.austin.9e9174@example.com,Ireland
8d2c3289-30a2-4125-874b-d511685dd574,Anna,Braun,anna.braun.0a17d0@example.com,Nauru
502d7745-dcfc-4bc4-b582-d2f8d58822ee,David,Gray,david.gray.f25fa3@example.com,Iceland
2a7caa57-5ccb-4097-93ee-88795b888d8e,Gregory,Green,gregory.green.bcde95@example.com,Bulgaria
ac60bf65-69a4-4a4f-95c0-8f146504f902,Johnathan,Bradley,johnathan.bradley.183ba1@example.com,Rwanda
2fb7bfed-6e0a-4fbf-9f7e-77e04625b649,Alexandra,Rodriguez,alexandra.rodriguez.cb4f01@example.com,Nigeria
6eb7ad33-72d1-435c-9a31-d278658cc638,Jacob,Bailey,jacob.bailey.7bccd8@example.com,Isle of Man
72ef351e-6826-4e66-9d0b-0b0dcee62fea,David,Martinez,david.martinez.1bdce5@example.com,Cape Verde
b74e45d2-28e3-40ad-a4a9-e229b2360f89,William,Hale,william.hale.bb92b2@example.com,Venezuela
35eadade-508b-4270-bfa7-a7ce16af9f11,Michael,Hamilton,michael.hamilton.65899f@example.com,Andorra
77fda50b-89dd-40e5-8c84-af05a0bea986,Kimberly,Turner,kimberly.turner.1a9fae@example.com,Hungary
8158d95e-0689-4d73-ac32-827520e0e6c4,Jessica,Hanson,jessica.hanson.794cc8@example.com,Kuwait
fa4500a1-af33-4846-bd9f-82abd852cdb0,Katrina,Garcia,katrina.garcia.10fdde@example.com,Vietnam
7269b8c8-2ac2-448a-962b-4325945e49f4,Ashley,Schroeder,ashley.schroeder.f6dca1@example.com,Djibouti
4c400eab-2b82-414c-9f4b-e26141b4a433,Isabella,Erickson,isabella.erickson.d39984@example.com,Saint Pierre and Miquelon
5a397341-db03-4ed3-8aee-44a3adf5d7d7,Wanda,Cooke,wanda.cooke.61f21c@example.com,United States of America
8ca1ff62-f75f-4885-9583-be112f610467,Christine,Williams,christine.williams.faeb1c@example.com,Zimbabwe
24a9a55f-765f-4724-8e90-83a74508890c,Alexa,Johnson,alexa.johnson.cdd957@example.com,Puerto Rico
2ba4096b-9e5a-485f-938e-6df20f4b774c,Morgan,Hampton,morgan.hampton.dc6bf7@example.com,Nicaragua
3f70571f-bbbe-400d-8e0e-6fcaca4a61cc,Lynn,Wright,lynn.wright.081173@example.com,Nepal
4edb33ee-ff62-42ec-bd01-ace3c2d644d2,Jennifer,Pace,jennifer.pace.9b9f6e@example.com,United States Virgin Islands
13b44982-3a4b-48d7-a9f0-0ff8a1009938,Kyle,Carr,kyle.carr.802f5a@example.com,Sudan
e9dd28e7-69ed-4b19-9b66-8bfac82f1743,Kathleen,Klein,kathleen.klein.b15638@example.com,Antigua and Barbuda
7fa60c4d-a823-4b9a-afaa-319ec55629c4,Amanda,Terrell,amanda.terrell.042762@example.com,Indonesia
aba54843-55b0-43b9-a12d-3cf418dc31a0,Renee,Kim,renee.kim.9d33b9@example.com,Iran
0804f86a-f31d-4d06-b8fc-0ed8c9b4a021,Jermaine,Gallagher,jermaine.gallagher.0124f8@example.com,Barbados
fb154923-3a17-4b46-bd7d-6028c0dc6391,Jesus,Mccarthy,jesus.mccarthy.5b943f@example.com,Maldives
af5a02d0-405f-4089-82a6-ee65e0f0665f,Isaiah,Adams,isaiah.adams.c15531@example.com,Nepal
8d271162-646a-4e1b-b7e8-5444f0b109c3,Brianna,Scott,brianna.scott.2bb1d2@example.com,Christmas Island
1e1a1044-761f-478c-97fb-8ab2ec9395ab,Chad,Nichols,chad.nichols.71f471@example.com,Estonia
bd3a19aa-7f9d-471c-914c-509d73929a43,Lee,Johnson,lee.johnson.ee2545@example.com,France
dead0d5a-6a9b-4c18-9422-40f8b9583b95,Ashley,Warren,ashley.warren.5cae9e@example.com,India
b43a543d-514d-4392-a6ba-9687e3042f59,Daniel,Williams,daniel.williams.6187dc@example.com,American Samoa
cb329d52-b092-4040-9e2f-382b1bf6e52b,Kimberly,Wagner,kimberly.wagner.47644e@example.com,Estonia
b21536dc-6f49-466a-a386-e51cc4c00d6f,Betty,Campbell,betty.campbell.f57eee@example.com,Kazakhstan
852628e9-50a4-441f-a3db-57d37f151bff,Jack,Becker,jack.becker.55f625@example.com,Western Sahara
a3b9a9a3-78fd-4f7b-b099-df4431b6f9c8,Elizabeth,Edwards,elizabeth.edwards.434b0d@example.com,Kyrgyz Republic
a9311a01-e605-4aa6-9970-ad9bf7b8974c,Richard,Tran,richard.tran.366ffb@example.com,Argentina
7ca0a2b1-737b-4bdb-941c-9b9c2ea25d30,Mary,Sims,mary.sims.ee67d3@example.com,Sri Lanka
7d6bc041-9848-46db-bc23-b41f565d0c26,Lori,Olson,lori.olson.c84d1d@example.com,Saint Martin
348fc74a-6c8a-4caa-b0f7-1597010bb4b7,Amy,Mendoza,amy.mendoza.73df06@example.com,Saint Martin
615e346f-4cbf-4676-a419-17574eb829c3,Stephanie,Evans,stephanie.evans.6807da@example.com,Central African Republic
9235e8e4-c183-4bc7-96e4-6315468eefd1,Nicole,Patel,nicole.patel.f8bca4@example.com,Gambia
f4d63bd3-25fb-4e7e-8f5d-44173d26c58d,Meghan,Fernandez,meghan.fernandez.1dee89@example.com,Nauru
48eb48ce-3875-4ea6-9590-bee2edb59f40,Yvonne,Rose,yvonne.rose.b530f0@example.com,Jordan
893fbd66-4a2b-4037-a586-d1e137509244,Anthony,Morgan,anthony.morgan.01df22@example.com,Botswana
5b70ee7a-667a-42db-8b8a-a0f3ffc4dfe8,Vickie,Jensen,vickie.jensen.5891a3@example.com,Guam
33e41c03-97b2-4936-b312-20edb32fd9bc,Daniel,Baxter,daniel.baxter.be530d@example.com,Monaco
a4e3e349-796b-4a8a-9a81-ee8444de293f,Sharon,Perez,sharon.perez.02a260@example.com,Estonia
50fc4d5f-c574-4eb2-8314-2e6d3fed74d3,Gavin,Ramos,gavin.ramos.98a5ac@example.com,Cyprus
f8557ddb-fb0d-4bea-98e9-5b79549eda12,Meghan,Rodriguez,meghan.rodriguez.6cc7e3@example.com,Georgia
821c5d4d-1c22-4888-8333-6095b1d2d9d8,Casey,Johnson,casey.johnson.cea857@example.com,Uruguay
b0fe392d-2e69-4756-9d20-8d447291d883,Daniel,Vaughn,daniel.vaughn.f88434@example.com,United Arab Emirates
56792f08-7328-4d87-82d3-b1c14ac3c8a0,Jerry,Wagner,jerry.wagner.3558d3@example.com,Jordan
